상호,평점,요약,주소,전화번호
위드미치코,4.3,서대문구 - 기타 한식,서울특별시 서대문구 충정로 20,02-362-1394
고릴라,3.7,서대문구 - 고기 요리,서울특별시 서대문구 충정로 22-2,02-312-3541
옐로우보울,3.6,서대문구 - 기타 양식,서울특별시 서대문구 충정로 7 구세군빌딩,02-6364-4961
철길떡볶이,3.3,서대문구 - 기타 한식,서울특별시 서대문구 충정로 35-6,02-364-3440
충정각,NA,서대문구 - 이탈리안,서울특별시 서대문구 충정로2길 8 1F,02-313-0424
양드림식당,NA,중구 - 기타 중식,서울특별시 중구 서소문로6길 12,02-6180-1588
깐쪼네,NA,서대문구 - 이탈리안,서울특별시 서대문구 경기대로 23,02-393-4333
깐부치킨 (충정로역점),NA,시청/남대문 - 닭 / 오리 요리,서울특별시 중구 서소문로 38,02-313-9282
청안식탁,NA,서대문구 - 닭 / 오리 요리,서울특별시 서대문구 충정로4길 21,02-363-7890
에뚜왈 (충정로점),NA,서대문구 - 베이커리,서울특별시 서대문구 충정로4길 28,02-913-7604
세양원,NA,서대문구 - 정통 중식 / 일반 중식,서울특별시 서대문구 충정로 8,02-312-2701
봉추찜닭 (서대문(충정로)점),NA,서대문구 - 닭 / 오리 요리,서울특별시 서대문구 충정로 13,02-393-6981
차이리,NA,서대문구 - 정통 중식 / 일반 중식,서울특별시 서대문구 서소문로 43-45 오키로키친 2F,0507-1393-8151
해주면가,NA,서대문구 - 기타 한식,서울특별시 서대문구 서소문로 27 충정리시온,02-364-3650
작은언덕 카페,NA,중구 - 카페 / 디저트,서울특별시 중구 서소문로 32-15 1F,010-8778-5979
곽대리꼼대리닭대리,NA,시청/남대문 - 닭 / 오리 요리,서울특별시 중구 서소문로 12,02-312-6063
대피공간,NA,서대문구 - 칵테일 / 와인,서울특별시 서대문구 충정로4길 5-6 1F,070-4189-4809
벙커1,NA,서대문구 - 치킨 / 호프 / 펍,서울특별시 서대문구 충정로 20,02-762-7607
마포갈비생고기전문점,NA,서대문구 - 고기 요리,서울특별시 서대문구 경기대로 36,02-312-5989
히비야,NA,서대문구 - 까스 요리,서울특별시 서대문구 충정로 8,02-393-6193
남대문할매인삼족발,NA,중구 - 고기 요리,서울특별시 중구 중림로 9-1,02-365-7079
이화수전통육개장 (충정로점),NA,서대문구 - 탕 / 찌개 / 전골,서울특별시 서대문구 충정로 18,02-363-4042
맨인문,NA,서대문구 - 칵테일 / 와인,서울특별시 서대문구 서소문로 27 충정리시온 110호,02-364-4574
마포대도소곱창,NA,시청/남대문 - 고기 요리,서울특별시 중구 손기정로1길 42,02-913-1641
한라회관,NA,중구 - 고기 요리,서울특별시 중구 서소문로 24-2,02-364-7792
선어도 (충정로점),NA,서대문구 - 해산물 요리,서울특별시 서대문구 충정로 18,02-363-3309
탕화쿵푸마라탕,NA,서대문구 - 기타 중식,서울특별시 서대문구 서소문로 27,010-8886-1558
계림닭도리탕 (충정로점),NA,서대문구 - 닭 / 오리 요리,서울특별시 서대문구 충정로4길 12 1F,02-363-0510
피나포어25,NA,서대문구 - 카페 / 디저트,서울특별시 서대문구 경기대로 21 글로리아파트,카페 / 디저트
장모생각,NA,서대문구 - 고기 요리,서울특별시 서대문구 충정로2길 8,02-313-7233
스타벅스 (충정타워점),NA,서대문구 - 카페 / 디저트,서울특별시 서대문구 서소문로 21 충정타워,02-758-8333
청정골,NA,서대문구 - 고기 요리,서울특별시 서대문구 충정로4길 11,02-364-5969
스타벅스 (충정로역점),NA,서대문구 - 카페 / 디저트,서울특별시 서대문구 경기대로9길 77 풍산빌딩,02-758-8479
해피박스,NA,서대문구 - 카페 / 디저트,서울특별시 서대문구 충정로 36 국민연금충정로,02-3148-5500
동해원,NA,서대문구 - 고기 요리,서울특별시 서대문구 경기대로 27,02-362-2572
찐하오,NA,중구 - 정통 중식 / 일반 중식,서울특별시 중구 중림로 10,02-392-1909
비진도해물뚝배기 (충정로점),NA,중구 - 해산물 요리,서울특별시 중구 중림로 9-4,02-393-2867
형제네생소금구이,NA,중구 - 고기 요리,서울특별시 중구 중림로 17,02-313-6080
까페나무야,NA,서대문구 - 카페 / 디저트,서울특별시 서대문구 서소문로 43-22,02-365-9701
파리바게뜨 (충정디오빌점),NA,서대문구 - 베이커리,서울특별시 서대문구 서소문로 37,02-312-8266
Cafe imt (충정로점),NA,서대문구 - 카페 / 디저트,서울특별시 서대문구 경기대로 26-20,02-393-4862
서대문꼼장어,NA,서대문구 - 해산물 요리,서울특별시 서대문구 충정로5길 4,02-393-3391
불불이족발 (충정로역점),NA,시청/남대문 - 고기 요리,서울특별시 중구 서소문로 8,02-313-1717
써브웨이 (충정로점),NA,서대문구 - 브런치 / 버거 / 샌드위치,서울특별시 서대문구 충정로 23 풍산빌딩 B2,02-393-8609
함흥냉면,NA,서대문구 - 탕 / 찌개 / 전골,서울특별시 서대문구 충정로 13,02-364-9293
충정로 서서갈비,NA,중구 - 고기 요리,서울특별시 중구 중림로5길 17,02-365-4592
이모네식당,NA,서대문구 - 탕 / 찌개 / 전골,서울특별시 서대문구 경기대로 25,02-313-7171
사랑죽,NA,서대문구 - 기타 한식,서울특별시 서대문구 충정로 7 구세군빌딩,02-6364-4904
피자인,NA,서대문구 - 기타 양식,서울특별시 서대문구 경기대로 23 1F 2호,02-364-7979
남원골,NA,서대문구 - 탕 / 찌개 / 전골,서울특별시 서대문구 충정로5길 11,02-363-3007
호산나의정부부대찌개,NA,서대문구 - 탕 / 찌개 / 전골,서울특별시 서대문구 충정로4길 8,02-313-1678
수정식당,NA,서대문구 - 한정식 / 백반 / 정통 한식,서울특별시 서대문구 충정로2길 18,02-364-1117
김솔솔김밥,NA,서대문구 - 기타 한식,서울특별시 서대문구 경기대로 26-7,02-313-3777
명문손칼국수,NA,서대문구 - 국수 / 면 요리,서울특별시 서대문구 경기대로 25,02-365-7602
국수나무 (충정로점),NA,서대문구 - 국수 / 면 요리,서울특별시 서대문구 충정로 7 구세군빌딩,02-6364-4964
쏨쏨타이,NA,서대문구 - 태국 음식,서울특별시 서대문구 충정로 20 1F,02-6405-7742
신현무관,NA,서대문구 - 정통 중식 / 일반 중식,서울특별시 서대문구 경기대로 27-1 1F,02-720-8288
치킨마루 (충정로점),NA,시청/남대문 - 닭 / 오리 요리,서울특별시 중구 서소문로 8,02-365-0016
가마솥닭한마리칼국수,NA,서대문구 - 국수 / 면 요리,서울특별시 서대문구 충정로4길 27-3,02-392-8402
루시바,NA,서대문구 - 칵테일 / 와인,서울특별시 서대문구 서소문로 27 리시온오피스텔,02-365-6756
토담길갈치조림전문,NA,서대문구 - 탕 / 찌개 / 전골,서울특별시 서대문구 충정로4길 5-1,02-362-0548
파우치커피 (충정로점),NA,서대문구 - 카페 / 디저트,서울특별시 서대문구 충정로 30,02-313-8572
고려정,NA,시청/남대문 - 한정식 / 백반 / 정통 한식,서울특별시 중구 서소문로 38 디오센터 B1,02-313-1555
본가한정식,NA,서대문구 - 한정식 / 백반 / 정통 한식,서울특별시 서대문구 충정로4길 5-3,02-392-3004
옛날남원식당,NA,시청/남대문 - 탕 / 찌개 / 전골,서울특별시 중구 서소문로 22-27,02-313-8272
할매추어탕,NA,서대문구 - 탕 / 찌개 / 전골,서울특별시 서대문구 충정로4길 25,02-365-5909
해미수산 (충정로점),NA,시청/남대문 - 회 / 스시,서울특별시 중구 서소문로 12,02-392-4931
카파,NA,서대문구 - 카페 / 디저트,서울특별시 서대문구 충정로4길 1,02-313-5588
떡볶이만세,NA,서대문구 - 기타 한식,서울특별시 서대문구 충정로 26,02-363-8508
놀부부대찌개&철판구이 (충정로역점),NA,서대문구 - 탕 / 찌개 / 전골,서울특별시 서대문구 충정로 7 구세군빌딩,02-6364-4959
옛살비돌판구이,NA,서대문구 - 고기 요리,서울특별시 서대문구 충정로4길 26,02-364-6154
내림손삼계탕 (충정로점),NA,서대문구 - 닭 / 오리 요리,서울특별시 서대문구 충정로 7 구세군빌딩,02-6364-4966
백암토종순대,NA,서대문구 - 탕 / 찌개 / 전골,서울특별시 서대문구 충정로2길 26,02-362-1005
은성부대찌개,NA,서대문구 - 탕 / 찌개 / 전골,서울특별시 서대문구 충정로4길 9,02-739-5622
카페리빈,NA,시청/남대문 - 카페 / 디저트,서울특별시 서대문구 충정로 36 1F,02-313-2442
소담,NA,시청/남대문 - 카페 / 디저트,서울특별시 중구 서소문로 22,02-313-3449
양마을,NA,서대문구 - 고기 요리,서울특별시 서대문구 충정로4길 22-3,고기 요리
영호네벌교꼬막,NA,신촌/이대 - 해산물 요리,서울특별시 서대문구 신촌로 325,02-364-5483
곳찌,NA,시청/남대문 - 일반 주점,서울특별시 서대문구 경기대로 27,02-393-0611
손큰할매순대국 (충정로역점),NA,중구 - 탕 / 찌개 / 전골,서울특별시 중구 중림로 10 삼성사이버빌리지,070-7789-5149
왕십리전통곱창,NA,서대문구 - 고기 요리,서울특별시 서대문구 충정로4길 24,02-313-7911
에스프레소인,NA,서대문구 - 카페 / 디저트,서울특별시 서대문구 서소문로 43-22,02-7130-0622
아현영양족발,NA,서대문구 - 고기 요리,서울특별시 서대문구 경기대로 29,02-717-8520
브라보,NA,서대문구 - 남미 음식,서울특별시 서대문구 충정로4길 22-4,02-393-1588
원조봉순게장,NA,서대문구 - 한정식 / 백반 / 정통 한식,서울특별시 서대문구 경기대로 26-26 B1-6호,02-3147-2333
도우스,NA,서대문구 - 기타 양식,서울특별시 서대문구 충정로4길 16 1F,02-365-7407
미친피자 (서대문점),NA,서대문구 - 기타 양식,서울특별시 서대문구 서소문로 27 충정리시온,02-312-7571
하얀꿈호프,NA,서대문구 - 치킨 / 호프 / 펍,서울특별시 서대문구 충정로4길 17,02-362-4990
홍콩중화요리,NA,서대문구 - 정통 중식 / 일반 중식,서울특별시 서대문구 충정로 13 B1,02-312-8811
볏꽃주택,NA,서대문구 - 일반 주점,서울특별시 서대문구 충정로4길 20,일반 주점
